"url","name"
"https://dynamic-media-cdn.tripadvisor.com/media/photo-o/0e/18/65/a9/the-waterfalls.jpg?w=500&h=400&s=1","Wadi El-Rayan"
"https://dynamic-media-cdn.tripadvisor.com/media/photo-o/24/de/2a/fd/wadi-al-hitan-whale-valle.jpg?w=500&h=400&s=1","Fayoum Oasis"
"https://dynamic-media-cdn.tripadvisor.com/media/photo-o/2c/e4/9e/65/caption.jpg?w=500&h=400&s=1","Hawara Pyramid Travel Guide"
"https://dynamic-media-cdn.tripadvisor.com/media/photo-o/16/8e/02/78/lohnenswerte-besichtigung.jpg?w=500&h=400&s=1","Lahun Pyramid"
"https://dynamic-media-cdn.tripadvisor.com/media/photo-o/04/56/6e/64/the-pyramid-of-sneferu.jpg?w=500&h=400&s=1","The Pyramid of Sneferu"
"https://dynamic-media-cdn.tripadvisor.com/media/photo-o/12/9e/05/2e/img-20180410-125700-largejpg.jpg?w=500&h=-1&s=1","Qasr Qarun and Medinet Quta"
"https://dynamic-media-cdn.tripadvisor.com/media/photo-o/0e/1e/8d/39/model.jpg?w=500&h=-1&s=1","Pyramids of El Fayoum"
"https://dynamic-media-cdn.tripadvisor.com/media/photo-o/04/49/17/5f/karanis.jpg?w=500&h=400&s=1","Karanis"
"https://dynamic-media-cdn.tripadvisor.com/media/photo-o/04/56/67/d2/temple-of-dionysias-temple.jpg?w=500&h=400&s=1","Temple of Dionysias (Temple of Stones)"
"https://dynamic-media-cdn.tripadvisor.com/media/photo-o/16/ac/26/94/grosser-innenhof-mit.jpg?w=500&h=-1&s=1","Caricature Museum"
"https://dynamic-media-cdn.tripadvisor.com/media/photo-o/16/4d/52/14/photo2jpg.jpg?w=500&h=-1&s=1","Waterwheels in Al Faiyum"
"https://dynamic-media-cdn.tripadvisor.com/media/photo-o/12/62/bb/c0/caption.jpg?w=500&h=400&s=1","Kom Oshim Museum"
"","The Hanging Mosque “ Al-Moallaq”"
"https://dynamic-media-cdn.tripadvisor.com/media/photo-o/22/e4/8b/9c/explore-fayoum.jpg?w=500&h=-1&s=1","Explore Fayoum Tours"
"https://dynamic-media-cdn.tripadvisor.com/media/photo-o/25/07/4f/35/tzila-lodge.jpg?w=500&h=400&s=1","Fayoum Pottery School"
"https://dynamic-media-cdn.tripadvisor.com/media/photo-o/2b/65/d7/8f/duck-hunting-season.jpg?w=500&h=400&s=1","Egypt Wingshooting"
"https://dynamic-media-cdn.tripadvisor.com/media/photo-o/1b/4f/1d/e2/caption.jpg?w=500&h=400&s=1","Real Fayoum Tours"
"https://dynamic-media-cdn.tripadvisor.com/media/photo-o/2b/41/ee/77/caption.jpg?w=500&h=400&s=1","Tunis Village Fayoum"
"https://dynamic-media-cdn.tripadvisor.com/media/photo-o/2a/21/cd/15/caption.jpg?w=500&h=400&s=1","Fayoum Tour"
"https://dynamic-media-cdn.tripadvisor.com/media/photo-o/27/ae/20/55/caption.jpg?w=500&h=400&s=1","Lake House by Tunisia Green Resort"
"https://dynamic-media-cdn.tripadvisor.com/media/photo-o/23/ec/ec/6a/caption.jpg?w=500&h=400&s=1","Fayoum travel guide"
"https://dynamic-media-cdn.tripadvisor.com/media/photo-o/0e/26/17/ce/photo0jpg.jpg?w=500&h=400&s=1","Leila lounge & cafe"
"","Qusoor Elarab Camp"
"https://dynamic-media-cdn.tripadvisor.com/media/photo-o/21/51/bc/10/caption.jpg?w=500&h=400&s=1","Emo Tours Egypt"
"https://dynamic-media-cdn.tripadvisor.com/media/photo-o/21/6e/58/e3/caption.jpg?w=500&h=400&s=1","Happy Egypt Tours"
"https://dynamic-media-cdn.tripadvisor.com/media/photo-o/21/5b/4c/98/caption.jpg?w=500&h=400&s=1","Day Tour to Al Fayyum from Cairo"
"https://dynamic-media-cdn.tripadvisor.com/media/photo-o/2d/a6/2b/eb/caption.jpg?w=500&h=400&s=1","Eyes Of Egypt - Al Fayoum"
"https://dynamic-media-cdn.tripadvisor.com/media/photo-o/28/c8/68/92/caption.jpg?w=500&h=400&s=1","Cairo, Fayoum | 3 days, 3 nights"
"https://dynamic-media-cdn.tripadvisor.com/media/photo-o/29/0a/e1/f2/caption.jpg?w=500&h=400&s=1","Elmagd tours Elfayoum"
"https://dynamic-media-cdn.tripadvisor.com/media/photo-o/21/57/2f/2f/caption.jpg?w=500&h=400&s=1","Miro Tours Egypt"
"",""
"https://dynamic-media-cdn.tripadvisor.com/media/photo-o/1a/f6/77/ae/default-avatar-2020-2.jpg?w=100&h=-1&s=1",""